<?xml version="1.0"?>
<metadata xml:lang="en"><idinfo><keywords><theme><themekt>ISO 19115 Topic Category</themekt><themekey>boundaries</themekey></theme><place><placekt>None</placekt><placekey>Iowa</placekey></place></keywords><citation><citeinfo><origin>Iowa Department of Education</origin><title>School Districts of Iowa, 2012-13</title><pubinfo><publish>University of Iowa Department of Geography</publish><pubplace>Iowa City</pubplace></pubinfo><pubdate>20130712</pubdate><ftname Sync="TRUE">School_Districts_2012-13</ftname><geoform Sync="TRUE">vector digital data</geoform><edition>20130712</edition></citeinfo></citation><descript><abstract>School districts are geographic entities within which state or local officials provide public educational services for the area's residents. The Department of Geography obtained the attributes for school districts from state officials and the boundaries for the same school districts from county officials (see data sources in FGDC metadata). In most cases, these boundaries differ slightly from those used by the U.S. Census Bureau. In the state of Iowa there is only one type of school district: unified, which serves grades PK-12.</abstract><purpose>This digital, geographically referenced data set was developed by the University of Iowa Department of Geography to improve the spatial accuracy of the 2010-11 digital school district boundaries for the state of Iowa.  These boundaries are not to be used for re-districting.  The Iowa Secretary of State requires districts to use their U.S. Census school district boundaries for redistricting because these are based on census blocks.</purpose><langdata Sync="TRUE">en</langdata></descript><timeperd><current>publication date</current><timeinfo><sngdate><caldate>20130712</caldate></sngdate></timeinfo></timeperd><status><progress>Complete</progress><update>Unknown</update></status><spdom><bounding><westbc>-96.677478</westbc><eastbc>-90.061121</eastbc><northbc>43.540636</northbc><southbc>40.346556</southbc></bounding><lboundng><leftbc Sync="TRUE">202053.986315</leftbc><rightbc Sync="TRUE">736851.722528</rightbc><bottombc Sync="TRUE">4470569.989776</bottombc><topbc Sync="TRUE">4822686.705860</topbc></lboundng></spdom><accconst>None.</accconst><useconst>None. Please check sources, scale, accuracy, currentness and other available information. Please confirm that you are using the most recent copy of both data and metadata.  Acknowledgement of the DE would be appreciated.</useconst><secinfo><secsys>State of Iowa Enterprise Data Classification Standard</secsys><secclass>public</secclass></secinfo><ptcontac><cntinfo><cntperp><cntper>Geoffrey Smith</cntper><cntorg>University of Iowa, Department of Geography</cntorg></cntperp><cntpos>Research Assistant</cntpos><cntvoice>319-471-3773</cntvoice><cntemail>geoffrey-smith@uiowa.edu</cntemail></cntinfo></ptcontac><native Sync="TRUE">Microsoft Windows XP Version 5.1 (Build 2600) Service Pack 3; ESRI ArcCatalog 9.3.1.4000</native><natvform Sync="TRUE">Shapefile</natvform></idinfo><dataqual><logic>Repair geometrwas performed on 20120810&lt;</logic><complete>Features represented have not been tested for completeness</complete><posacc><horizpa><horizpar>Data were collected using methods that have unknown accuracy (EPA National Geospatial Data Policy [NGDP] Accuracy Tier 10). For more information, please see EPA's NGDP at http://epa.gov/geospatial/policies.html</horizpar></horizpa></posacc><lineage><procstep><procdate>2011</procdate><procdesc>The dataset was created by editing the 2010-2011 dataset that was received directly from the Iowa Department of Education in shapefile format. The edits were made by the Department of Geography at The University of Iowa at the request of the Iowa Department of Education. </procdesc><proccont><cntinfo><cntperp><cntorg>University of Iowa, Department of Geography </cntorg></cntperp></cntinfo></proccont></procstep><procstep><procdate>20111197</procdate><procdesc> Simple Consolidations and Dissolutions Submitted to Census</procdesc></procstep><srcinfo><srccite><citeinfo><title>Incorporates local data from 42 counties</title><othercit>Black Hawk	IT Director	Kim M Veeder	kveeder@co.black-hawk.ia.us
Calhoun	GIS Coordinator	Kristy Anderson	 kanderson@calhouncountyiowa.com
Carroll	GIS Coordinator	Carl Wilburn	cwilburn@carrollcountyiowa.org
Cedar	GIS Department	Joshua Sales	gis@cedarcounty.org
Cerro Gordo	Deputy Auditor	Sandy Shonka	SSHONKA@co.cerro-gordo.ia.us
Chickasaw	Assesor	Doug Welton	assessor@iowatelecom.net
Clay	GIS Coordinator	James Worm	jworm@co.clay.ia.us
Delaware	Deputy Assesor	Andrea Schmidt	aschmidt@co.delaware.ia.us
Des Moines	GIS Coordinator	AUSTIN ROELFS	ROELFSA@co.des-moines.ia.us
Dickinson	GIS Coordinator	Schmeling, Amy	 ASCHMELING@co.dickinson.ia.us
Dubuque	Deputy Auditor	Mark Castenson	maps@dbqco.org
Franklin	GIS Coordinator	Micah E. Cutler	MCutler@hardincountyia.gov
Greene	IT/Drainage	Michelle Fields 	mfields@co.greene.ia.us
Grundy	IT	Jesse Huisman	jesseh@gccourthouse.org
Hamilton	GIS	Adam Martin-Schwarze	adamms@hamiltoncounty.org
Hardin	Same as Franklin	Micah E. Cutler	MCutler@hardincountyia.gov
Harrison	GIS Coordinator	Jeremy Butrick 	jbutrick@harrisoncountyia.org
Howard	Auditor	Julie Chapman	jchapman@co.howard.ia.us
Ida	Auditor	Lorna Steenbock	idacoaud@longlines.com
Iowa	3rd Party Vendor	Russ Wetzel	rwetzel@midlandgis.com
Johnson	GIS Coordinator	Rick Havel	rhavel@co.johnson.ia.us
Keokuk	3rd Party Vendor	Ron Richmond	assessor@keokukcountyia.com
Linn	GIS Coordinator	Jason Siebrecht	Jason.Siebrecht@linncounty.org
Lucas	Auditor	Julie Masters	mastersj@lucasco.org
Mahaska	GIS Coordinator	Brian Knudtson	knudtson@mahaskacounty.org
Marshall	GIS Director	Wayne Chizek	wchizek@co.marshall.ia.us
Mills	IT Director	Patrick Binns	pbinns@millscoia.us
Muscatine	Utilities GISP	Mark Warren	mwarren@mpw.org
Palo Alto	Deputy Auditor	Robin Jamison	rjamison@co.palo-alto.ia.us
Polk	GIS Coordinator	Ray Willis	willis@assess.co.polk.ia.us
Pottawattamie	GIS Supervisor	Reid Matthies	reid.matthies@pottcounty.com
Poweshiek	GIS Coordinator	Amy Vermillion	 gis@poweshiekcounty.org
Scott	GIS Technician	Peter Kurlyo	PKurylo@SCOTTCOUNTYIOWA.com
Shelby	3rd Party Vendor	Jeffrey T. Lewis	JLewis@schneidercorp.com
Sioux	IT Director	Micah Van Maanen 	micahvm@siouxcounty.org
Story	GIS Coordinator	Matt Boeck	mboeck@storycounty.com
Tama	Assistant Auditor	Maureen Kratoska	mkratoska@tamacounty.org
Warren	GIS Coordinator	Ryan Lafrenz	rlafrenz@co.warren.ia.us
Washington	GIS Coordinator	Duane Royer	droyer@co.washington.ia.us
Winnebago	Auditor	Karla Niederkofler	winnaud@wctatel.net
Winneshiek	GIS Coordinator	Jon Lubke	jlubke@co.winneshiek.ia.us
Woodbury	Systems Analyst	Bob Hein	bheien@sioux-city.or</othercit></citeinfo></srccite></srcinfo></lineage></dataqual><distinfo><distliab>Although efforts have been made in correcting errors in order to make this information useful
to the Department, the Department assumes no responsibility for errors in the information.
Similarly, the Department assumes no responsibility for the consequences of inappropriate uses
or interpretations of the data made by anyone to whom this data has been made available.
The Department bears no responsibility to inform users of any changes made to this data.
Anyone using this data is advised that precision implied by the coverage may far exceed
actual precision.  Comments on this data are invited and the Department would appreciate
that documented errors be brought to staff attention.</distliab><stdorder><digform><digtinfo><formname>shapefile</formname><filedec>zip</filedec></digtinfo><digtopt><onlinopt><computer><networka><networkr>ftp://ftp.igsb.uiowa.edu/gis_library/ia_state/admin_political_boundary/school_districts_2012_2013.zip</networkr></networka></computer><accinstr>Click on link provided.</accinstr></onlinopt></digtopt></digform><fees>None</fees><ordering>Click on web address provided.</ordering><turnarnd>Immediate</turnarnd></stdorder><availabl><timeinfo><sngdate><caldate>365 days/year</caldate><time>24 hours/day</time></sngdate></timeinfo></availabl><resdesc>Downloadable Data</resdesc><distrib><cntinfo><cntorgp><cntorg>Department of Natural Resources</cntorg></cntorgp><cntaddr><addrtype>mailing address</addrtype><address>502 East 14th St.</address><city>Des Moines</city><state>IA</state><postal>50138</postal></cntaddr><cntpos>NRGIS Librarian</cntpos></cntinfo></distrib></distinfo><metainfo><metstdn>FGDC Content Standards for Digital Geospatial Metadata</metstdn><metstdv>FGDC-STD-001-1998</metstdv><mettc>local time</mettc><metac>None</metac><metuc>None</metuc><metextns><onlink>http://www.esri.com/metadata/esriprof80.html</onlink><metprof>ESRI Metadata Profile</metprof></metextns><metd>20130712</metd><metc><cntinfo><cntorgp><cntorg>Iowa Geological and Water Survey, DNR</cntorg><cntper>NRGIS Librarian</cntper></cntorgp><cntaddr><addrtype>Mailing and Physical</addrtype><address>109 Trowbridge Hall</address><city>Iowa City</city><state>IA</state><postal>52242-1319</postal></cntaddr><cntvoice>319-335-1575</cntvoice><cntemail>gis_library@igsb.uiowa.edu</cntemail></cntinfo></metc></metainfo><eainfo><detailed Name="School_Districts_2012-13"><enttyp><enttypl>School_Distr_Iowa_2012-13</enttypl><enttypt Sync="TRUE">Feature Class</enttypt><enttypc Sync="TRUE">348</enttypc></enttyp><attr><attrlabl>FID</attrlabl><attrdef>Internal feature number.</attrdef><attrdefs>ESRI</attrdefs><attrdomv><udom>Sequential unique whole numbers that are automatically generated.</udom></attrdomv><attalias Sync="TRUE">FID</attalias><attrtype Sync="TRUE">OID</attrtype><attwidth Sync="TRUE">4</attwidth><atprecis Sync="TRUE">0</atprecis><attscale Sync="TRUE">0</attscale></attr><attr><attrlabl>Shape</attrlabl><attrdef>Feature geometry.</attrdef><attrdefs>ESRI</attrdefs><attrdomv><udom>Coordinates defining the features.</udom></attrdomv><attalias Sync="TRUE">Shape</attalias><attrtype Sync="TRUE">Geometry</attrtype><attwidth Sync="TRUE">0</attwidth><atprecis Sync="TRUE">0</atprecis><attscale Sync="TRUE">0</attscale></attr><attr><attrlabl>ID</attrlabl><attalias Sync="TRUE">ID</attalias><attrtype Sync="TRUE">Number</attrtype><attwidth Sync="TRUE">4</attwidth></attr><attr><attrlabl>Name</attrlabl><attalias Sync="TRUE">Name</attalias><attrtype Sync="TRUE">String</attrtype><attwidth Sync="TRUE">60</attwidth></attr><attr><attrlabl>USCensus</attrlabl><attrdef>Unique five-digit code used by the U.S. Census Bureau to identify the school district</attrdef><attrdefs>U.S. Census</attrdefs><attrdomv><udom>Unique five-digit code used by the U.S. Census Bureau to identify the school district</udom></attrdomv><attalias Sync="TRUE">USCensus</attalias><attrtype Sync="TRUE">String</attrtype><attwidth Sync="TRUE">5</attwidth></attr><attr><attrlabl>AEA</attrlabl><attalias Sync="TRUE">AEA</attalias><attrtype Sync="TRUE">String</attrtype><attwidth Sync="TRUE">4</attwidth></attr><attr><attrlabl>AEAname</attrlabl><attalias Sync="TRUE">AEAname</attalias><attrtype Sync="TRUE">String</attrtype><attwidth Sync="TRUE">18</attwidth></attr><attr><attrlabl>Year_Conso</attrlabl><attalias Sync="TRUE">Year_Conso</attalias><attrtype Sync="TRUE">Number</attrtype><attwidth Sync="TRUE">4</attwidth></attr><attr><attrlabl>IDstate</attrlabl><attalias Sync="TRUE">IDstate</attalias><attrtype Sync="TRUE">String</attrtype><attwidth Sync="TRUE">4</attwidth></attr><attr><attrlabl>Self_Inter</attrlabl><attalias Sync="TRUE">Self_Inter</attalias><attrtype Sync="TRUE">String</attrtype><attwidth Sync="TRUE">4</attwidth></attr></detailed><overview/></eainfo><spref><horizsys><planar><planci><plance>coordinate pair</plance><coordrep><absres>0.00001</absres><ordres>0.00001</ordres></coordrep><plandu>meters</plandu></planci><gridsys><gridsysn Sync="TRUE">Universal Transverse Mercator</gridsysn><utm><utmzone Sync="TRUE">15</utmzone><transmer><sfctrmer Sync="TRUE">0.999600</sfctrmer><longcm Sync="TRUE">-93.000000</longcm><latprjo Sync="TRUE">0.000000</latprjo><feast Sync="TRUE">500000.000000</feast><fnorth Sync="TRUE">0.000000</fnorth></transmer></utm></gridsys></planar><geodetic><horizdn>North American Datum of 1983</horizdn><ellips>Geodetic Reference System 1980</ellips><semiaxis>6378137.000000</semiaxis><denflat>298.257222</denflat></geodetic><cordsysn><geogcsn Sync="TRUE">GCS_North_American_1983</geogcsn><projcsn Sync="TRUE">NAD_1983_UTM_Zone_15N</projcsn></cordsysn></horizsys></spref><dataIdInfo><envirDesc>Microsoft Windows 7 Version 6.1 (Build 7601) Service Pack 1; ESRI ArcGIS 10.0.4.4000</envirDesc><dataLang><languageCode value="eng"/><countryCode value="USA"/></dataLang><idCitation><resTitle>School_Distr_Iowa_2012-13</resTitle><presForm><PresFormCd value="005"/></presForm></idCitation><spatRpType><SpatRepTypCd value="001"/></spatRpType><dataExt><geoEle><GeoBndBox esriExtentType="search"><exTypeCode>1</exTypeCode><westBL>-96.685153</westBL><eastBL>-90.069396</eastBL><northBL>43.557135</northBL><southBL>40.332513</southBL></GeoBndBox><GeoBndBox esriExtentType="native"><westBL Sync="TRUE">202053.986315</westBL><eastBL Sync="TRUE">736851.722528</eastBL><northBL Sync="TRUE">4822686.70586</northBL><southBL Sync="TRUE">4470569.989776</southBL><exTypeCode Sync="TRUE">1</exTypeCode></GeoBndBox></geoEle></dataExt><geoBox esriExtentType="decdegrees"><westBL Sync="TRUE">-96.685153</westBL><eastBL Sync="TRUE">-90.069396</eastBL><northBL Sync="TRUE">43.557135</northBL><southBL Sync="TRUE">40.332513</southBL><exTypeCode Sync="TRUE">1</exTypeCode></geoBox></dataIdInfo><mdLang><languageCode value="eng"/><countryCode value="USA"/></mdLang><distInfo><distFormat><formatName>Shapefile</formatName></distFormat><distTranOps><transSize>3.463</transSize></distTranOps><distributor><distorTran><onLineSrc><orDesc Sync="TRUE">002</orDesc><linkage Sync="TRUE">file://\\D_IGS_60F35\C\Library\school_districts\School_Districts_2012-13.shp</linkage><protocol Sync="TRUE">Local Area Network</protocol></onLineSrc><transSize Sync="TRUE">3.411</transSize></distorTran><distorFormat><formatName Sync="TRUE">Shapefile</formatName></distorFormat></distributor></distInfo><mdHrLv><ScopeCd value="005"/></mdHrLv><mdHrLvName>dataset</mdHrLvName><refSysInfo><RefSystem><refSysID><identCode code="26915"/><idCodeSpace>EPSG</idCodeSpace><idVersion>7.4.1</idVersion></refSysID></RefSystem></refSysInfo><spatRepInfo><VectSpatRep><geometObjs><geoObjTyp><GeoObjTypCd value="002"/></geoObjTyp><geoObjCnt>348</geoObjCnt></geometObjs><topLvl><TopoLevCd value="001"/></topLvl></VectSpatRep></spatRepInfo><spdoinfo><ptvctinf><esriterm Name="School_Districts_2012-13"><efeatyp Sync="TRUE">Simple</efeatyp><efeageom Sync="TRUE">Polygon</efeageom><esritopo Sync="TRUE">FALSE</esritopo><efeacnt Sync="TRUE">348</efeacnt><spindex Sync="TRUE">TRUE</spindex><linrefer Sync="TRUE">FALSE</linrefer></esriterm><sdtsterm Name="School_Districts_2012-13"><sdtstype Sync="TRUE">G-polygon</sdtstype><ptvctcnt Sync="TRUE">348</ptvctcnt></sdtsterm></ptvctinf><direct Sync="TRUE">Vector</direct></spdoinfo><mdDateSt>20120814</mdDateSt><Esri><ModDate>20130712</ModDate><ModTime>14385000</ModTime><SyncDate>20130712</SyncDate><SyncTime>14342800</SyncTime><CreaDate>20131119</CreaDate><CreaTime>16571900</CreaTime><ArcGISFormat>1.0</ArcGISFormat><SyncOnce>TRUE</SyncOnce></Esri><mdStanName Sync="TRUE">ISO 19115 Geographic Information - Metadata</mdStanName><mdStanVer Sync="TRUE">DIS_ESRI1.0</mdStanVer><mdChar><CharSetCd Sync="TRUE" value="004"></CharSetCd></mdChar></metadata>
